{
  "best_global_step": 308,
  "best_metric": 0.9047619047619048,
  "best_model_checkpoint": "C:\\Final_year_projects\\Medi_assist\\models\\bert_results\\checkpoint-308",
  "epoch": 1.0,
  "eval_steps": 500,
  "global_step": 308,
  "is_hyper_param_search": false,
  "is_local_process_zero": true,
  "is_world_process_zero": true,
  "log_history": [
    {
      "epoch": 0.3246753246753247,
      "grad_norm": 2.90950345993042,
      "learning_rate": 3.2142857142857144e-05,
      "loss": 3.7137823486328125,
      "step": 100
    },
    {
      "epoch": 0.6493506493506493,
      "grad_norm": 4.434481620788574,
      "learning_rate": 4.8376623376623384e-05,
      "loss": 3.586617126464844,
      "step": 200
    },
    {
      "epoch": 0.974025974025974,
      "grad_norm": 4.54907751083374,
      "learning_rate": 4.476911976911977e-05,
      "loss": 3.295013732910156,
      "step": 300
    },
    {
      "epoch": 1.0,
      "eval_accuracy": 0.9047619047619048,
      "eval_f1": 0.8888888888888887,
      "eval_loss": 3.0401508808135986,
      "eval_precision": 0.8928571428571429,
      "eval_recall": 0.9047619047619048,
      "eval_runtime": 0.077,
      "eval_samples_per_second": 545.177,
      "eval_steps_per_second": 38.941,
      "step": 308
    }
  ],
  "logging_steps": 100,
  "max_steps": 1540,
  "num_input_tokens_seen": 0,
  "num_train_epochs": 5,
  "save_steps": 500,
  "stateful_callbacks": {
    "TrainerControl": {
      "args": {
        "should_epoch_stop": false,
        "should_evaluate": false,
        "should_log": false,
        "should_save": true,
        "should_training_stop": false
      },
      "attributes": {}
    }
  },
  "total_flos": 790854497280.0,
  "train_batch_size": 16,
  "trial_name": null,
  "trial_params": null
}
